h3_index,population,temperature,traffic_index,risk_score,congestion,latitude,longitude,location_index
8826641901fffff,152,67.75957829251338,2,16.90810703559925,high,41.8781,-87.6298,31.286316085513
8826641903fffff,485,67.96268112811723,9,38.975938742649205,low,41.8781,-87.6298,93.52970985453275
8826641905fffff,910,71.40777889373783,3,37.950290337471856,low,41.8781,-87.6298,85.06802606048463
8826641907fffff,320,73.93276424144076,5,22.673038292351066,high,41.8781,-87.6298,98.19056980765392
8826641909fffff,156,76.55453782799002,8,38.16119398672001,medium,41.8781,-87.6298,62.79933826040981
882664190bfffff,121,82.37678108474776,2,12.884871200025483,low,41.8781,-87.6298,24.751007314041196
882664190dfffff,750,79.2882981160101,6,41.27611292660261,low,41.8781,-87.6298,16.281504967686377
8826641911fffff,70,74.20030735018287,5,80.23543291592642,low,41.8781,-87.6298,18.691444060846163
8826641913fffff,664,74.90491896048655,9,47.90700631033512,high,41.8781,-87.6298,1.9795658347254386
8826641915fffff,171,69.98735317681096,5,1.8000088945214987,low,41.8781,-87.6298,39.06821109859392
8826641917fffff,516,74.90743432003805,2,42.14440415792474,high,41.8781,-87.6298,19.14276804995425
8826641919fffff,264,73.5567068053993,5,2.717501609084416,high,41.8781,-87.6298,41.16554604567024
882664191dfffff,380,76.61359280169044,4,96.62434107067982,high,41.8781,-87.6298,93.49944318387654
8826641921fffff,508,70.86384528223839,7,12.745395942286898,low,41.8781,-87.6298,43.05402095071899
8826641923fffff,137,77.59673257120586,6,70.76883263306188,high,41.8781,-87.6298,87.79844969848348
8826641925fffff,422,82.66369456501289,2,97.27763228920858,medium,41.8781,-87.6298,60.55047666158765
8826641927fffff,149,74.45619925771571,5,82.60390516665719,low,41.8781,-87.6298,24.71315546613919
8826641929fffff,921,77.0085586104947,7,69.93153751262037,low,41.8781,-87.6298,35.58547592592114
882664192bfffff,713,78.45071995855557,7,83.9460909500767,low,41.8781,-87.6298,8.391953582142941
882664192dfffff,180,72.99389764057082,5,98.17986932606276,low,41.8781,-87.6298,33.34625935960105
8826641931fffff,711,76.12046240905208,9,62.13444972535296,low,41.8781,-87.6298,67.7540945503534
8826641933fffff,358,75.06296200390898,4,55.918480682932646,high,41.8781,-87.6298,7.211109292943519
8826641935fffff,819,75.48838049274416,3,62.82381104632814,high,41.8781,-87.6298,20.540140847802935
8826641937fffff,393,71.13495108072267,4,53.2675886761555,low,41.8781,-87.6298,38.14410414133115
8826641939fffff,541,75.12255087129472,5,63.50891059097188,high,41.8781,-87.6298,98.20495370159625
882664193bfffff,463,77.48999145622724,6,44.98422079725592,low,41.8781,-87.6298,78.48618229588801
882664193dfffff,855,82.2557180389752,3,21.84431828833071,high,41.8781,-87.6298,73.3486746492104
8826641941fffff,435,79.79635413042604,2,12.024722651167563,high,41.8781,-87.6298,11.619095652544598
8826641943fffff,241,85.76591228755778,4,6.834093553226039,high,41.8781,-87.6298,78.09958936149914
8826641945fffff,326,71.16326218555976,5,26.331578375320007,high,41.8781,-87.6298,78.52688115160151
8826641947fffff,210,79.36160318360339,4,4.6123564335733835,medium,41.8781,-87.6298,60.110269562432826
8826641949fffff,509,75.91671002869175,3,56.71707799193856,low,41.8781,-87.6298,99.0361781998372
882664194bfffff,363,85.94901466608836,8,28.382844702352028,medium,41.8781,-87.6298,32.525390592455196
882664194dfffff,71,70.95850857322424,4,82.45348080870322,high,41.8781,-87.6298,94.12724482418517
8826641955fffff,302,70.80139078909612,2,7.424087298838645,medium,41.8781,-87.6298,91.47311149565036
8826641957fffff,797,72.0030367727799,2,22.635149434148595,low,41.8781,-87.6298,1.1480659749377842
882664195dfffff,906,64.38052137845096,1,73.02461470901459,low,41.8781,-87.6298,45.01165264748111
8826641961fffff,610,72.3712248915962,4,59.88082963834914,high,41.8781,-87.6298,97.71042330515733
8826641963fffff,524,71.20433669223151,9,6.449127124916753,medium,41.8781,-87.6298,10.312136240807579
8826641965fffff,108,75.75196893238103,7,87.72394571622004,medium,41.8781,-87.6298,54.778469438331946
8826641967fffff,560,76.70877987888579,7,87.72617628261796,medium,41.8781,-87.6298,97.89575070411041
8826641969fffff,731,84.38085419607943,7,33.040800387577384,low,41.8781,-87.6298,55.549542410586014
882664196bfffff,525,79.75211919093024,8,34.04058433495647,low,41.8781,-87.6298,18.9815302972156
882664196dfffff,749,72.11548172168798,1,98.90283583501738,medium,41.8781,-87.6298,58.218323009258974
88266419e9fffff,832,70.50792664325822,8,62.61761715931382,low,41.8781,-87.6298,20.444057394954683
88266419edfffff,239,77.45959585753253,4,53.13165205680591,low,41.8781,-87.6298,51.970426289448426
8826641b21fffff,736,68.3988339648968,4,83.81521835519244,medium,41.8781,-87.6298,7.4042217912348
8826641b23fffff,612,84.15729382927177,4,28.529033835731642,low,41.8781,-87.6298,60.548266921440465
8826641b25fffff,925,80.89720060360644,6,42.91825933963569,medium,41.8781,-87.6298,51.67899391281582
8826641b27fffff,616,72.65412173947648,7,26.777667548833417,medium,41.8781,-87.6298,74.0161368761463
8826641b29fffff,293,66.43432735454562,6,78.91608465887315,high,41.8781,-87.6298,63.0700471158785
8826641b2dfffff,881,81.76936187082707,1,57.3349345635218,medium,41.8781,-87.6298,54.96062685307567
8826641b35fffff,554,74.42730077373692,8,65.88250701400705,low,41.8781,-87.6298,68.97788492481212
8826641b65fffff,180,81.1890815598673,7,25.230724983940654,high,41.8781,-87.6298,14.394191357223086
8826641b67fffff,534,67.02786170602816,6,22.02253013773151,medium,41.8781,-87.6298,59.535966125860405
8826641b6dfffff,868,72.00312488523113,6,48.83746289829387,high,41.8781,-87.6298,17.211060282277767
8826645201fffff,696,75.02621849859092,5,73.75657490928268,low,41.8781,-87.6298,92.55222078518808
8826645203fffff,70,75.2349029688237,6,52.523975752016014,medium,41.8781,-87.6298,6.833410484560421
8826645205fffff,890,72.74967264260378,9,3.2645677545668605,low,41.8781,-87.6298,43.03747496907933
8826645207fffff,216,78.11424966173749,9,86.85515063202888,high,41.8781,-87.6298,69.57974776554448
882664520bfffff,323,69.66189785308703,8,6.468689351513158,medium,41.8781,-87.6298,45.80222116682587
8826645211fffff,437,74.28810257489353,9,95.58244837207522,high,41.8781,-87.6298,9.209525323290235
8826645215fffff,650,75.60147815855949,8,2.5141958277272725,high,41.8781,-87.6298,55.337901612670734
8826645219fffff,365,77.57219417029374,8,69.44504561307087,medium,41.8781,-87.6298,64.16319088273545
882664521bfffff,63,78.55807439044445,1,8.220706371178165,high,41.8781,-87.6298,70.37923109905077
882664521dfffff,291,69.37678954081065,5,91.06765794351396,low,41.8781,-87.6298,37.32598144627589
882664522bfffff,826,67.32942914632189,4,46.443323622554274,high,41.8781,-87.6298,56.36599710287622
8826645231fffff,395,81.38838410949255,2,13.752377481701538,low,41.8781,-87.6298,45.06864749389131
8826645235fffff,614,76.66157005989795,8,34.08156997898466,low,41.8781,-87.6298,67.20560387522534
8826645239fffff,947,71.25756731721724,3,16.482467534676204,high,41.8781,-87.6298,58.35569673248185
882664523bfffff,389,82.75575987761262,4,17.058191155709,low,41.8781,-87.6298,52.57562195591349
882664523dfffff,141,75.57837317146429,7,94.81083201714422,medium,41.8781,-87.6298,24.952436683824864
8826645251fffff,416,80.89648592031914,9,44.52461122847882,low,41.8781,-87.6298,0.20185177482339167
8826645253fffff,504,75.33759240705055,2,78.88022639053595,low,41.8781,-87.6298,17.408167531142926
8826645257fffff,477,85.30373962440993,3,63.960556117768185,low,41.8781,-87.6298,11.706604142416865
8826645259fffff,558,83.77670421221602,4,67.64263623383923,medium,41.8781,-87.6298,44.90847450109467
882664525bfffff,825,73.75517925760464,1,13.169343847203852,medium,41.8781,-87.6298,61.22581507618447
8826645283fffff,992,79.85785475477178,7,23.418444681548568,medium,41.8781,-87.6298,21.308500868480817
8826645289fffff,84,78.22687974792574,2,78.67503351544369,high,41.8781,-87.6298,93.90570959671871
882664528bfffff,255,81.84315778766174,5,97.0766206474783,medium,41.8781,-87.6298,0.6682129223887778
882664529dfffff,130,70.17538269709948,1,26.26756425986517,low,41.8781,-87.6298,77.23010151653429
88266452c1fffff,981,78.43025729999219,3,27.156876475103985,medium,41.8781,-87.6298,62.52047695304422
88266452c3fffff,611,80.29212243424794,2,47.289713281090485,medium,41.8781,-87.6298,37.35548010476819
88266452c9fffff,921,66.20630256788442,1,98.38403128554378,low,41.8781,-87.6298,5.048894441240792
88266452cbfffff,437,69.08370743667112,7,26.895894582647106,high,41.8781,-87.6298,62.74865717842793
88266452cdfffff,51,64.8038391111995,5,40.69719096342639,medium,41.8781,-87.6298,38.56135128656481
88266452d1fffff,439,73.65296582777721,1,89.14800156235067,high,41.8781,-87.6298,93.62671394132191
88266452d3fffff,615,78.58771127897981,6,0.29210326213620075,high,41.8781,-87.6298,54.19900748897659
88266452d5fffff,155,82.51178526048014,5,3.9765964988569547,high,41.8781,-87.6298,93.96515112935082
88266452d7fffff,821,75.37047390209888,3,60.40716770712192,low,41.8781,-87.6298,22.04836934733041
88266452d9fffff,871,83.14307772785646,7,90.7380164712847,high,41.8781,-87.6298,72.57259103641033
88266452dbfffff,526,68.09949270892554,9,23.885666040192767,high,41.8781,-87.6298,61.72490208487257
88266452ddfffff,752,66.48308780322422,9,46.9641774680709,low,41.8781,-87.6298,73.94082298313118
8826645601fffff,451,74.72226150551691,9,45.04653016578183,high,41.8781,-87.6298,21.466786397253678
8826645603fffff,779,76.92032724469654,2,47.297134609551016,high,41.8781,-87.6298,66.49945162377738
8826645605fffff,605,74.83652625952953,3,62.25196957297452,low,41.8781,-87.6298,49.8040393056869
8826645607fffff,211,64.66278949980062,7,46.974376299068375,low,41.8781,-87.6298,74.28249749063163
8826645609fffff,251,74.55439980243605,5,44.74681413224578,medium,41.8781,-87.6298,32.704464415181775
882664560bfffff,319,68.47765249747573,2,47.42884204312605,medium,41.8781,-87.6298,89.00570254652526
882664560dfffff,912,78.3483627441502,3,59.086744127104154,medium,41.8781,-87.6298,8.430131461135037
8826645611fffff,865,76.83299123048424,6,53.70074883513583,high,41.8781,-87.6298,80.7189318791188
8826645613fffff,320,70.30060106836322,7,85.41359976505044,high,41.8781,-87.6298,86.13196258150909
8826645615fffff,505,72.43066541331653,9,4.9496853493666615,high,41.8781,-87.6298,81.72523113668213
8826645617fffff,511,69.70393239055524,1,83.33170714730124,low,41.8781,-87.6298,51.272639426177605
8826645619fffff,776,74.68660451363414,7,84.3924612611724,high,41.8781,-87.6298,43.83849800307613
882664561bfffff,301,79.77571160250619,8,28.490802153096084,medium,41.8781,-87.6298,99.62622865248768
882664561dfffff,751,70.07136976832228,3,46.285195501585065,low,41.8781,-87.6298,22.917195121416214
8826645621fffff,345,77.52023257758923,4,43.85384885374355,low,41.8781,-87.6298,54.68759658760446
8826645623fffff,774,72.3487119081378,6,21.850983435413028,low,41.8781,-87.6298,67.06755253823256
8826645625fffff,769,71.03563583868828,7,39.67968470863165,medium,41.8781,-87.6298,70.08676358614319
8826645629fffff,798,74.46484820022721,4,4.438777217085443,medium,41.8781,-87.6298,20.40246657385787
882664562bfffff,387,69.82378838790314,8,27.782207278173445,medium,41.8781,-87.6298,65.39940923398012
882664562dfffff,928,72.23175347326409,5,81.66821754507181,low,41.8781,-87.6298,81.83695664813374
8826645631fffff,102,69.01061053705575,1,28.456230176289754,low,41.8781,-87.6298,5.001857682111222
8826645639fffff,841,84.82362566458195,4,81.82066687482475,high,41.8781,-87.6298,91.15212933253164
882664563bfffff,971,75.17631775985865,3,53.15994646044309,high,41.8781,-87.6298,2.950405514520593
882664563dfffff,266,71.50137246003708,9,87.98626773611599,medium,41.8781,-87.6298,35.59710324883943
8826645641fffff,813,76.0698995536711,8,57.47795542644152,low,41.8781,-87.6298,1.5813196232962068
8826645643fffff,237,74.43835975154585,1,2.966822306473982,high,41.8781,-87.6298,7.7145168539581865
8826645645fffff,429,73.89515200233389,6,67.54202075470891,medium,41.8781,-87.6298,91.1168285180079
8826645647fffff,542,78.07083350021712,9,4.485356802356866,medium,41.8781,-87.6298,35.48608307461478
8826645649fffff,90,78.78753855023652,7,45.0597018983134,high,41.8781,-87.6298,42.477153042505286
882664564bfffff,206,72.34749426194736,4,92.9426694473114,medium,41.8781,-87.6298,21.53443813825526
882664564dfffff,64,72.1209087967766,1,16.520393933785016,low,41.8781,-87.6298,59.70957701867198
8826645651fffff,862,73.62474151424178,2,38.98723529415441,medium,41.8781,-87.6298,59.480321467778964
8826645653fffff,114,63.49039417632208,5,72.98603088484784,low,41.8781,-87.6298,37.22003918252192
8826645655fffff,906,67.42404468900725,5,88.22585560948475,low,41.8781,-87.6298,33.30348718053984
8826645657fffff,888,81.83437133722262,8,67.09430047425079,high,41.8781,-87.6298,88.49643081805878
8826645659fffff,570,83.22483856750642,6,25.81732541911692,high,41.8781,-87.6298,38.328423964220136
882664565bfffff,393,73.75481980221811,8,67.46078529162162,high,41.8781,-87.6298,49.35009921544082
882664565dfffff,178,77.88278481527882,2,29.672764110409,medium,41.8781,-87.6298,28.330476242493063
8826645661fffff,697,76.55625077271768,3,71.84292298187353,high,41.8781,-87.6298,78.67695033571273
8826645663fffff,521,90.3944040422762,6,95.40331275850406,high,41.8781,-87.6298,39.74481568990916
8826645665fffff,112,80.59787455717289,3,72.13934511062882,medium,41.8781,-87.6298,51.36110465443245
8826645667fffff,188,74.36041204259617,6,86.28805029124123,high,41.8781,-87.6298,25.335717005966142
8826645669fffff,548,70.22229779699788,6,0.2103843175883413,medium,41.8781,-87.6298,98.76595923412518
882664566bfffff,642,66.96776839871214,2,71.75721247315944,medium,41.8781,-87.6298,29.149574092372287
882664566dfffff,441,76.01731817933612,7,82.95875568652504,low,41.8781,-87.6298,77.07425309055516
88266456c1fffff,724,71.21824627357849,2,4.055873754468142,low,41.8781,-87.6298,42.74956503567592
88266456c3fffff,468,67.88873145201163,6,87.15977272882306,high,41.8781,-87.6298,20.62174050841399
88266456c5fffff,338,71.76713557878736,1,25.669422831004585,medium,41.8781,-87.6298,79.97187639648612
88266456c9fffff,428,69.59225998192802,3,66.52921019780553,low,41.8781,-87.6298,33.36067890290432
88266456cbfffff,822,83.43570817536282,2,80.03548790234066,low,41.8781,-87.6298,86.5193347397811
88266456cdfffff,539,79.40819878474726,7,66.26645130593555,low,41.8781,-87.6298,91.5257184917823
88266456e9fffff,280,74.96013679341691,4,9.228479207325723,low,41.8781,-87.6298,85.9823835391276
88266456ebfffff,90,82.39972069445012,8,59.63215188603683,high,41.8781,-87.6298,3.500791480680565
8826645701fffff,77,75.38684153823809,6,54.95836567221436,low,41.8781,-87.6298,78.73733450051056
8826645703fffff,184,70.69357899335868,4,90.03212680742715,high,41.8781,-87.6298,41.133946649914385
8826645707fffff,250,82.61562038634828,5,40.42397296442092,medium,41.8781,-87.6298,87.37229201822251
8826645709fffff,889,77.69455021842329,9,32.108109708705015,high,41.8781,-87.6298,63.795426268473875
882664570bfffff,829,69.81376922836772,7,74.98507644364662,low,41.8781,-87.6298,83.36431341439584
882664570dfffff,979,74.04830660958196,9,41.267532608339664,medium,41.8781,-87.6298,49.94317698668353
8826645719fffff,82,70.62190873307621,7,64.6096175005063,medium,41.8781,-87.6298,53.502550459893286
882664572bfffff,97,68.08600134517832,1,64.64500901246069,high,41.8781,-87.6298,14.438763213366723
8826645743fffff,552,79.63088773765821,8,88.80390643601179,medium,41.8781,-87.6298,78.39873586893555
8826645745fffff,456,84.54708320235065,4,59.869240231909735,high,41.8781,-87.6298,41.93896116669716
8826645747fffff,623,68.00716213090429,3,50.21536099619869,medium,41.8781,-87.6298,50.00801182715826
8826645751fffff,777,77.81484618345286,7,13.8871326396517,high,41.8781,-87.6298,78.50977140957076
8826645753fffff,854,71.74678715439086,3,11.573760667870536,low,41.8781,-87.6298,59.8845400079439
8826645757fffff,148,72.56437308117651,8,15.432156528307939,high,41.8781,-87.6298,20.109872744266745
8826645759fffff,733,72.03803037880566,6,17.18484813270945,high,41.8781,-87.6298,59.023265915089276
882664575bfffff,921,70.68004615160092,5,63.78770926636339,low,41.8781,-87.6298,40.76328579796558
882664575dfffff,775,75.24260813972414,4,74.09812502745785,high,41.8781,-87.6298,46.95255420438627
882664c101fffff,596,70.84524941794481,8,52.999152292641874,high,41.8781,-87.6298,2.8311274402667785
882664c103fffff,788,76.3522841288992,8,82.9017732545491,medium,41.8781,-87.6298,21.00293495162816
882664c105fffff,662,74.74880945275432,1,99.12632267336332,high,41.8781,-87.6298,28.103808138102828
882664c107fffff,992,73.80525976566796,9,82.0012629119356,medium,41.8781,-87.6298,71.29600078588058
882664c10dfffff,511,70.462181689792,5,69.48823736759591,low,41.8781,-87.6298,1.1492473298115313
882664c115fffff,692,72.11614334715834,4,53.24926994371466,medium,41.8781,-87.6298,40.8777261229132
882664c121fffff,818,78.77695612912878,6,44.88530716747082,medium,41.8781,-87.6298,92.40268704257329
882664c123fffff,54,77.5045859381219,6,8.439238054454234,low,41.8781,-87.6298,11.188061654912385
882664c125fffff,267,70.11222377600724,2,39.93687483946909,medium,41.8781,-87.6298,51.642438821861106
882664c127fffff,552,75.49666152714613,8,91.01346367821343,low,41.8781,-87.6298,78.65223823908471
882664c129fffff,816,78.75693561685894,7,80.8022629906553,high,41.8781,-87.6298,94.25313075201167
882664c12bfffff,447,66.65297359439315,1,21.60513650116872,high,41.8781,-87.6298,74.67766395337179
882664c12dfffff,920,77.71680096189968,5,46.660778469721585,medium,41.8781,-87.6298,72.05655486444061
882664c131fffff,844,71.68688120527077,6,81.67232025585446,high,41.8781,-87.6298,82.64880901957625
882664c133fffff,442,77.8529933429658,4,6.738455478552252,low,41.8781,-87.6298,44.62012209775437
882664c135fffff,256,71.18370421728741,2,38.73925856686593,high,41.8781,-87.6298,80.58445326178331
882664c137fffff,64,65.9755894966774,4,85.18412368739476,low,41.8781,-87.6298,0.7964404745451126
882664c139fffff,907,66.86228781058419,1,40.389786417012374,high,41.8781,-87.6298,92.45610553768049
882664c13bfffff,603,75.24042473330691,7,7.761464473144086,medium,41.8781,-87.6298,44.33065095171753
882664c13dfffff,941,76.2986125086074,2,54.253436853225146,high,41.8781,-87.6298,55.338018786574764
882664c145fffff,510,70.47841687447796,2,86.17424949182954,high,41.8781,-87.6298,25.48822489148823
882664c147fffff,740,78.19296229388686,9,59.02855429531597,high,41.8781,-87.6298,74.25308328404215
882664c161fffff,624,66.6923996886552,5,22.627910821423182,low,41.8781,-87.6298,7.663580647524881
882664c163fffff,913,74.66960100676341,2,38.423962013738134,low,41.8781,-87.6298,87.26358025468353
882664c165fffff,792,68.94491900118771,9,45.01233611819322,medium,41.8781,-87.6298,82.81168290063428
882664c167fffff,290,71.7408194609892,9,57.92663538205268,low,41.8781,-87.6298,21.60601162447664
882664c169fffff,613,75.23699335658208,1,75.93510257526131,high,41.8781,-87.6298,80.93243982852624
882664c16bfffff,145,70.69793317358024,3,9.88736176406354,high,41.8781,-87.6298,78.63577330614815
882664c16dfffff,949,73.07722227885087,4,88.96520330175663,low,41.8781,-87.6298,63.2216597753949
882664c185fffff,783,80.0314640460722,7,1.230970301607559,high,41.8781,-87.6298,37.352017689968754
882664c18dfffff,534,72.11554065238425,4,37.005233467425526,medium,41.8781,-87.6298,27.149875418186788
882664c1a1fffff,456,79.1784605603257,2,2.7420309972657653,medium,41.8781,-87.6298,23.178359028935002
882664c1a3fffff,280,69.35146572671191,7,39.297422534529126,low,41.8781,-87.6298,31.860896276360716
882664c1a5fffff,798,77.64902088957642,6,52.58125988733238,low,41.8781,-87.6298,90.35584434325304
882664c1a7fffff,704,82.2078431032895,3,51.16813865815117,medium,41.8781,-87.6298,7.764077598878128
882664c1a9fffff,220,62.641777499363556,6,16.562834702826535,medium,41.8781,-87.6298,82.88712762529586
882664c1abfffff,590,71.01552372264761,6,64.57405100956123,low,41.8781,-87.6298,34.88900750418236
882664c1adfffff,85,77.8853606359027,5,4.477845050466822,low,41.8781,-87.6298,52.15993960113582
882664c1b1fffff,574,73.98477306978504,4,76.19068201324154,low,41.8781,-87.6298,79.44856336484906
882664c1b5fffff,209,76.85572936685655,1,94.66444339935462,high,41.8781,-87.6298,88.43765470229712
882664c1b7fffff,888,71.9800740664209,6,33.97688271511179,low,41.8781,-87.6298,34.4781420072647
882664c1b9fffff,748,75.4329489373645,2,51.72393817143319,low,41.8781,-87.6298,46.18434812751103
882664c1bdfffff,292,74.2216138230396,3,37.891027805881436,high,41.8781,-87.6298,41.45160648167923
882664c1c7fffff,135,80.83891030829903,8,0.6710390304059954,medium,41.8781,-87.6298,1.3251033503910548
882664c1e1fffff,845,76.27210421650607,6,38.587450289511594,low,41.8781,-87.6298,29.59428888586566
882664c1e3fffff,627,76.68801331037601,3,79.17202592613465,high,41.8781,-87.6298,45.918923373256185
882664c1e5fffff,731,72.94061516938767,7,59.59888421834818,low,41.8781,-87.6298,41.10936088804398
882664c1e7fffff,606,72.56196887963753,4,10.125991461515893,low,41.8781,-87.6298,72.19292275156795
882664c1ebfffff,623,72.8372090609019,9,84.7139489693785,high,41.8781,-87.6298,38.480361722110324
882664c1edfffff,695,76.97226071189148,5,53.108534488524285,medium,41.8781,-87.6298,48.937644897067024
882664c801fffff,845,72.89507759589868,3,84.17233617446762,high,41.8781,-87.6298,42.96085921323633
882664c803fffff,77,76.44887428448206,2,58.02215187850294,low,41.8781,-87.6298,74.06261488943706
882664c807fffff,669,85.37700399322719,2,55.96884448379399,medium,41.8781,-87.6298,86.29723989869625
882664c809fffff,605,79.35562351715846,3,10.52591851970124,high,41.8781,-87.6298,53.18890790075142
882664c80bfffff,389,73.3698823391608,2,16.735973313862797,high,41.8781,-87.6298,78.94321941951912
882664c80dfffff,847,81.00606961081972,4,97.20252564965911,medium,41.8781,-87.6298,29.678668201985058
882664c811fffff,380,72.95962313489224,2,22.848674675477078,low,41.8781,-87.6298,54.13696101572687
882664c813fffff,689,64.80937732411073,9,97.7452117990368,high,41.8781,-87.6298,34.52299536699724
882664c815fffff,555,69.95956844541298,2,53.19127065242634,high,41.8781,-87.6298,41.42009255718303
882664c817fffff,397,65.64604039487072,9,13.578904706393713,high,41.8781,-87.6298,73.24138648126686
882664c819fffff,522,73.24243257979346,6,9.930220275369294,low,41.8781,-87.6298,88.16624823327128
882664c81bfffff,280,75.09209189594776,1,20.886407070574,high,41.8781,-87.6298,12.14953910877654
882664c81dfffff,239,83.38218656137641,4,92.56373300253358,medium,41.8781,-87.6298,63.46392564873805
882664c831fffff,274,76.63463686882082,1,41.41502243282268,medium,41.8781,-87.6298,58.21438075777985
882664c833fffff,434,73.90449735595568,6,39.54342679929144,high,41.8781,-87.6298,11.841503917593188
882664c839fffff,426,79.14702790591744,4,31.320626107017404,high,41.8781,-87.6298,21.189433044010908
882664c83bfffff,332,63.944323454960575,3,14.706185056658839,medium,41.8781,-87.6298,31.100249473268025
882664c841fffff,682,76.17807279054283,3,48.78511971924064,medium,41.8781,-87.6298,16.693107081750146
882664c843fffff,677,78.85432596943484,9,13.00477825111387,high,41.8781,-87.6298,24.372948252434178
882664c845fffff,794,67.60706877110078,6,83.54802363823276,medium,41.8781,-87.6298,26.76007988617075
882664c847fffff,308,80.71877021603464,9,37.03969862753065,low,41.8781,-87.6298,33.56738330390596
882664c849fffff,408,76.69248203747208,5,37.48035677817963,low,41.8781,-87.6298,74.9390452801159
882664c84bfffff,759,72.923560430496,2,47.40064284831559,low,41.8781,-87.6298,57.19122038506007
882664c84dfffff,505,78.16390933053142,8,44.41277131657516,low,41.8781,-87.6298,98.62466719514015
882664c851fffff,460,86.35346428902199,5,99.48579730593215,medium,41.8781,-87.6298,41.4735826967471
882664c853fffff,698,75.90933127529247,2,54.53811212183025,low,41.8781,-87.6298,75.3865073836925
882664c855fffff,367,76.24110293150169,4,8.820170378987068,high,41.8781,-87.6298,87.14684213765338
882664c857fffff,726,72.70319550229878,9,60.687734157692994,high,41.8781,-87.6298,67.8978493038042
882664c859fffff,274,70.75077815267605,4,15.158429286987996,low,41.8781,-87.6298,41.1864740417496
882664c85bfffff,868,79.15167908272123,4,3.0937644731341973,high,41.8781,-87.6298,75.35946307457529
882664c85dfffff,283,70.71958087045566,2,97.07421536772482,low,41.8781,-87.6298,20.366713777268487
882664c861fffff,733,75.35783118609696,6,77.3538891534564,low,41.8781,-87.6298,32.75521651801324
882664c865fffff,713,72.61171276617442,2,98.01089924137669,low,41.8781,-87.6298,54.66852550992888
882664c869fffff,876,77.39489912873196,7,47.78784480222424,high,41.8781,-87.6298,57.54093872861483
882664c86bfffff,423,76.66831052643474,3,53.225753114897614,high,41.8781,-87.6298,2.2141475472629457
882664c86dfffff,721,80.18769972128949,3,16.833695591913024,low,41.8781,-87.6298,94.51141887560087
882664c881fffff,657,72.44991800572626,5,24.69074266675856,low,41.8781,-87.6298,69.662727121739
882664c883fffff,521,73.65062532353315,3,83.85492149028282,low,41.8781,-87.6298,49.57037502318911
882664c889fffff,282,70.10618142108846,2,35.61856471175942,low,41.8781,-87.6298,93.31272344083084
882664c88bfffff,741,72.77853369961944,9,82.6814973796419,medium,41.8781,-87.6298,43.90955652508285
882664c88dfffff,162,76.88650246522425,2,70.90137242870318,low,41.8781,-87.6298,98.04355702703718
882664c891fffff,879,78.78494308322676,2,17.71709252718655,high,41.8781,-87.6298,51.22847572434851
882664c893fffff,546,70.38917337911187,8,50.744636611974215,low,41.8781,-87.6298,11.428576999797945
882664c895fffff,491,79.3480296005283,9,67.73873215187169,medium,41.8781,-87.6298,76.48009724592772
882664c897fffff,613,81.77818929402476,7,23.50372148038251,high,41.8781,-87.6298,67.88977250778404
882664c899fffff,317,77.0671745161185,3,83.06885105200769,medium,41.8781,-87.6298,77.29867213055867
882664c89bfffff,559,84.38397906279033,9,54.48276575451868,low,41.8781,-87.6298,95.1442028725681
882664c89dfffff,856,71.13105400448214,3,16.52420504426032,high,41.8781,-87.6298,77.64893026510181
882664c8b1fffff,435,68.77672648344291,5,58.29844261646024,low,41.8781,-87.6298,61.133660221664684
882664c8b3fffff,436,66.10639875547861,9,99.9713804155914,high,41.8781,-87.6298,85.7308902360841
882664c8b7fffff,162,82.48022155744592,3,15.052149166341355,high,41.8781,-87.6298,67.32464393545315
882664c8b9fffff,662,78.27182828177028,7,81.67569301195282,high,41.8781,-87.6298,40.81190568259231
882664c8bbfffff,674,74.72207664544773,1,20.730900318755797,medium,41.8781,-87.6298,88.56197642417733
882664c8c1fffff,130,76.3998431315991,4,78.23883294600873,low,41.8781,-87.6298,22.190046078437287
882664c8c3fffff,748,69.37255476350812,4,73.45779231214132,medium,41.8781,-87.6298,71.46412749087241
882664c8c5fffff,162,87.22875989808414,7,30.048938560043236,medium,41.8781,-87.6298,88.1563454940757
882664c8c7fffff,51,75.64610590987614,8,32.58231175644498,low,41.8781,-87.6298,73.13165197032963
882664c8c9fffff,691,75.54697397302446,1,79.25213919629192,low,41.8781,-87.6298,69.72754190538569
882664c8cbfffff,269,78.62883311949346,5,46.14455118873126,low,41.8781,-87.6298,75.26382940718361
882664c8cdfffff,615,77.40504615868356,7,73.08180287118088,high,41.8781,-87.6298,46.50552483006444
882664c8d1fffff,904,76.11942012139566,4,14.798414736583476,medium,41.8781,-87.6298,87.4170682157026
882664c8d3fffff,785,71.04762772277344,4,85.25577819015535,medium,41.8781,-87.6298,20.34364751360912
882664c8d5fffff,274,77.35734178567998,4,71.08847166823192,medium,41.8781,-87.6298,12.73864160003393
882664c8d7fffff,434,84.41012248237517,6,90.69428088348339,medium,41.8781,-87.6298,28.550878011851154
882664c8d9fffff,452,81.7271002307749,7,13.237237903497245,medium,41.8781,-87.6298,53.157739677499315
882664c8dbfffff,687,82.96593313319698,2,59.30145003605977,high,41.8781,-87.6298,51.05617954093381
882664c8ddfffff,179,72.44392161784407,5,59.912058504032515,low,41.8781,-87.6298,82.05987576765867
882664ca01fffff,102,70.0519758987071,4,35.34607405467825,high,41.8781,-87.6298,40.45686564040174
882664ca03fffff,733,74.37106539950176,3,45.84664245692578,high,41.8781,-87.6298,48.434442629150865
882664ca05fffff,779,75.27862456144348,7,3.798156328985347,high,41.8781,-87.6298,1.3367683259395635
882664ca07fffff,721,80.47095759235474,6,74.5860038627012,low,41.8781,-87.6298,40.973923644293905
882664ca09fffff,759,66.5376768514259,7,54.9322479403174,low,41.8781,-87.6298,64.77742329503421
882664ca0bfffff,465,82.64775159730307,5,5.774105186917378,medium,41.8781,-87.6298,1.5508330626592182
882664ca0dfffff,296,74.20996050710505,6,68.07558929604855,high,41.8781,-87.6298,28.088196518624375
882664ca11fffff,885,72.8655946502629,5,46.67820772311879,medium,41.8781,-87.6298,20.795635928938992
882664ca13fffff,488,69.93947812369916,7,3.4461259425,low,41.8781,-87.6298,4.198542890958823
882664ca15fffff,252,66.72571664067115,2,96.96077268480954,low,41.8781,-87.6298,47.92600899145375
882664ca17fffff,233,79.11585291980957,5,94.91121430894405,low,41.8781,-87.6298,18.17232932281565
882664ca19fffff,172,75.36658983594202,6,51.290241614719754,low,41.8781,-87.6298,74.30815396313801
882664ca1bfffff,450,68.55019550129472,6,9.36724207059102,high,41.8781,-87.6298,84.79278837633485
882664ca1dfffff,816,68.52460613968192,5,75.46212215985918,medium,41.8781,-87.6298,54.55851826691478
882664ca21fffff,343,73.32107650354936,7,49.1931100105729,low,41.8781,-87.6298,98.17073425211416
882664ca23fffff,329,83.34510762644696,8,30.24474782893799,medium,41.8781,-87.6298,45.04785714705953
882664ca25fffff,886,73.70204324318198,7,49.14181775285568,low,41.8781,-87.6298,51.33682102249155
882664ca27fffff,933,67.48428523440947,5,52.244414540546444,medium,41.8781,-87.6298,98.92177539577501
882664ca29fffff,659,73.77128467957027,1,56.27116990223392,medium,41.8781,-87.6298,23.154843596504882
882664ca2bfffff,247,73.63638215126164,5,44.12237136553265,low,41.8781,-87.6298,94.25459396769052
882664ca2dfffff,956,61.515566785292144,2,60.575530313905666,low,41.8781,-87.6298,4.283755511911325
882664ca31fffff,560,74.72852566741093,5,91.87347106063774,medium,41.8781,-87.6298,44.638689026319476
882664ca33fffff,801,73.84532734895662,5,36.226808709859114,high,41.8781,-87.6298,7.000351213306577
882664ca35fffff,193,78.48103182406709,2,72.5716463219949,low,41.8781,-87.6298,72.9234742913643
882664ca37fffff,658,84.24478047472672,5,89.44525568242322,low,41.8781,-87.6298,60.84089358800178
882664ca39fffff,250,80.63282514773879,4,45.597927575993694,high,41.8781,-87.6298,70.66342634675964
882664ca3bfffff,173,73.65555654722584,1,44.34558363819041,high,41.8781,-87.6298,37.4480399968017
882664ca3dfffff,236,69.46737045629165,3,60.21169853547795,low,41.8781,-87.6298,36.94819340313803
882664ca41fffff,375,87.8667990162493,1,59.14067594224881,low,41.8781,-87.6298,4.53192789608946
882664ca43fffff,513,75.29609217007244,5,80.6589342326277,low,41.8781,-87.6298,34.99449395296398
882664ca45fffff,398,75.06964645956474,4,47.64833837782927,low,41.8781,-87.6298,92.92884022620595
882664ca47fffff,820,74.87937456444999,7,99.61229496394411,medium,41.8781,-87.6298,37.9226537180449
882664ca49fffff,709,75.99042380383928,5,5.947156886728077,medium,41.8781,-87.6298,83.13677062219699
882664ca4bfffff,813,74.27819794038028,4,0.31678485807017376,medium,41.8781,-87.6298,84.2325504749934
882664ca4dfffff,981,72.13168996559882,2,64.01983115596238,low,41.8781,-87.6298,37.324115637923384
882664ca51fffff,452,72.26570529379804,4,29.84349123618767,medium,41.8781,-87.6298,63.19886803961891
882664ca53fffff,395,74.83623364892001,2,24.03823886994838,low,41.8781,-87.6298,9.537160227305863
882664ca55fffff,560,72.28287614433117,8,31.189908000428048,low,41.8781,-87.6298,10.36785807342765
882664ca57fffff,196,71.43577108661418,3,25.60475651049543,medium,41.8781,-87.6298,4.865766366171331
882664ca59fffff,197,75.53215113845948,9,3.079004966044785,low,41.8781,-87.6298,58.10150933751095
882664ca5bfffff,913,73.72511391289572,4,97.15330423905887,medium,41.8781,-87.6298,42.607097762609705
882664ca5dfffff,760,82.51996494291345,6,22.074548845278173,medium,41.8781,-87.6298,54.80323566642401
882664ca61fffff,869,61.74515095803494,5,73.40297625893064,medium,41.8781,-87.6298,52.10731905083878
882664ca63fffff,538,80.45753425961232,1,76.25963946941752,medium,41.8781,-87.6298,35.02029910907303
882664ca65fffff,978,81.23042596248814,9,92.92573980072292,medium,41.8781,-87.6298,67.7473414823473
882664ca67fffff,985,64.63304883795925,1,3.0549457093379973,high,41.8781,-87.6298,75.85018809163907
882664ca69fffff,689,73.28656202959826,8,87.20483384470077,high,41.8781,-87.6298,1.4628258877675715
882664ca6bfffff,600,73.14279567002104,9,52.722618083980024,high,41.8781,-87.6298,20.72422997688783
882664ca6dfffff,387,67.9624415264109,9,63.25441099658279,high,41.8781,-87.6298,71.32358680833369
882664ca81fffff,921,71.11091656204562,1,64.44702771210336,high,41.8781,-87.6298,38.66201726338342
882664ca83fffff,690,69.44712077267086,2,81.97978049847275,medium,41.8781,-87.6298,66.24839469416082
882664ca85fffff,828,83.76135221711812,1,33.34073221591105,low,41.8781,-87.6298,34.696265973455844
882664ca87fffff,522,79.6783919657373,2,73.30511898599934,low,41.8781,-87.6298,39.07551523296371
882664ca89fffff,995,81.3577754749708,8,52.85781097221971,medium,41.8781,-87.6298,15.867887368968493
882664ca8bfffff,200,78.60836032021618,5,79.33940143053478,low,41.8781,-87.6298,25.823101966616
882664ca8dfffff,464,69.35474114391386,7,99.05460327701334,low,41.8781,-87.6298,60.541175750758725
882664ca91fffff,347,72.37739866860113,2,20.06510174037612,high,41.8781,-87.6298,43.31631113151664
882664ca93fffff,660,77.4468728061396,8,99.46486415599979,high,41.8781,-87.6298,77.43026829445951
882664ca95fffff,312,68.88936095554027,6,8.9812154282774,high,41.8781,-87.6298,85.25849549383427
882664ca97fffff,813,78.56499215086194,8,0.23175479048138659,low,41.8781,-87.6298,54.164641821675986
882664ca99fffff,193,73.79837300920933,1,4.416193617783126,high,41.8781,-87.6298,75.82672920560591
882664ca9bfffff,395,73.12589596225202,1,34.17824047367617,medium,41.8781,-87.6298,30.690451319457
882664ca9dfffff,673,78.55479984101746,7,63.290633067843416,low,41.8781,-87.6298,41.49712154000782
882664caa1fffff,621,77.2213165574302,8,6.902954088784963,low,41.8781,-87.6298,71.2777676216831
882664caa3fffff,930,73.1951691709046,3,0.566581452956727,high,41.8781,-87.6298,38.62119928170307
882664caa5fffff,51,80.79664901682123,5,93.70910284587947,medium,41.8781,-87.6298,58.85049351589888
882664caa7fffff,946,69.59468336200051,1,82.19266359399296,high,41.8781,-87.6298,18.53727790825115
882664caa9fffff,353,78.07967803472133,7,80.9183171139031,high,41.8781,-87.6298,59.9771314970498
882664caabfffff,303,77.96550628984193,5,88.4424275501977,low,41.8781,-87.6298,86.15137072268936
882664caadfffff,701,73.45226780343005,8,70.00342727721043,low,41.8781,-87.6298,86.86396398234257
882664cab1fffff,502,76.63066511121059,8,10.440412974808144,high,41.8781,-87.6298,72.43444063295397
882664cab3fffff,86,68.74443211807349,9,39.9100188073723,low,41.8781,-87.6298,74.5753379076126
882664cab5fffff,209,79.6201350960345,7,72.31494864646295,low,41.8781,-87.6298,55.79274451507007
882664cab7fffff,58,74.07548931778506,1,28.033446079152093,low,41.8781,-87.6298,58.466809016582474
882664cab9fffff,282,72.38638489740481,3,68.74063641362376,high,41.8781,-87.6298,13.3650581410518
882664cabbfffff,148,80.24504612918444,8,2.449844826765235,low,41.8781,-87.6298,44.38591884213011
882664cabdfffff,708,71.4782815472862,3,30.613734087959322,high,41.8781,-87.6298,45.077628388636384
882664cac1fffff,865,67.9576935181822,8,54.91303362771727,low,41.8781,-87.6298,95.84978356677402
882664cac3fffff,257,67.21685413238048,1,63.208982950624225,medium,41.8781,-87.6298,43.108686262328945
882664cac5fffff,180,78.0300497567282,5,57.704066446191085,low,41.8781,-87.6298,54.934264490275766
882664cac7fffff,453,68.59785323751859,4,69.77562760734295,high,41.8781,-87.6298,53.32513992791025
882664cac9fffff,201,83.77397090992183,5,0.608874823983907,low,41.8781,-87.6298,63.67617170443272
882664cacbfffff,103,64.59035296058138,8,10.094119997752149,high,41.8781,-87.6298,74.82328313318959
882664cacdfffff,169,83.48228184145019,4,86.89442522791451,high,41.8781,-87.6298,22.50418761708721
882664cad1fffff,722,76.05508733601309,4,68.17486440901612,low,41.8781,-87.6298,52.87244190984357
882664cad3fffff,969,74.51643444064804,3,11.29316426860113,high,41.8781,-87.6298,82.59177073160305
882664cad5fffff,677,72.27540456595526,7,84.20744373985792,low,41.8781,-87.6298,46.31147138375115
882664cad7fffff,636,76.99568057176036,3,24.22312178245669,medium,41.8781,-87.6298,27.845754637357302
882664cad9fffff,674,74.81182648787576,3,47.825988419522346,high,41.8781,-87.6298,65.4709075356299
882664cadbfffff,469,80.5165094100826,5,14.51965128846603,high,41.8781,-87.6298,82.3767395799123
882664caddfffff,471,75.5711382433102,5,71.01100564217066,high,41.8781,-87.6298,6.314029292739132
882664cae1fffff,153,75.75150880730939,6,66.68544210142679,high,41.8781,-87.6298,77.67904834072272
882664cae3fffff,901,73.18193893893073,8,21.11124711661362,medium,41.8781,-87.6298,82.16479329617712
882664cae5fffff,303,74.71527188139466,6,86.34007668570018,medium,41.8781,-87.6298,46.15229275886068
882664cae7fffff,276,76.5390088444603,1,40.13060242197122,low,41.8781,-87.6298,98.33056568184674
882664cae9fffff,161,66.44915803671687,8,29.25150910707418,high,41.8781,-87.6298,78.6708340707309
882664caebfffff,559,68.25907288947144,8,15.232958946453545,high,41.8781,-87.6298,77.36625648956658
882664caedfffff,522,78.71632047011357,9,26.616801251553746,medium,41.8781,-87.6298,74.78385744120718
882664cb01fffff,148,75.85432719063971,9,2.2026921223816998,low,41.8781,-87.6298,15.0608103218274
882664cb03fffff,202,74.0800833182366,2,58.32574924561156,medium,41.8781,-87.6298,21.723088645301083
882664cb05fffff,910,75.09216966532696,2,84.22307463439479,medium,41.8781,-87.6298,46.3990131464425
882664cb07fffff,963,76.73790852680835,3,54.898044944164184,low,41.8781,-87.6298,26.400434995946586
882664cb09fffff,945,72.30120159845319,1,21.927396192387572,high,41.8781,-87.6298,41.52409723340404
882664cb0bfffff,927,71.10847637298843,4,3.366917821387272,high,41.8781,-87.6298,88.84641099229206
882664cb0dfffff,387,75.9792262754884,4,21.462807325880284,medium,41.8781,-87.6298,82.43268918792693
882664cb11fffff,755,70.10813611192484,9,41.61214280710923,medium,41.8781,-87.6298,63.003987847998225
882664cb13fffff,871,77.04126377857236,9,75.96114286997965,medium,41.8781,-87.6298,85.81203942511036
882664cb15fffff,212,66.48708197881079,9,18.784285253777412,low,41.8781,-87.6298,78.37723890172492
882664cb17fffff,769,80.14577818662822,7,71.97914533546862,low,41.8781,-87.6298,42.89849318408905
882664cb19fffff,730,77.36298741206521,2,86.69334683518836,medium,41.8781,-87.6298,20.106515204994512
882664cb1bfffff,210,76.28014867156938,5,45.394684810835706,high,41.8781,-87.6298,51.42010400093392
882664cb1dfffff,629,79.91345491972757,4,82.14319916425933,high,41.8781,-87.6298,73.622888252855
882664cb21fffff,850,83.32737222231289,8,55.46573480350956,low,41.8781,-87.6298,43.641959872959305
882664cb25fffff,447,80.07185032509065,2,63.709083708090496,low,41.8781,-87.6298,66.67719097838972
882664cb29fffff,326,65.79562884334177,6,52.62784603382027,high,41.8781,-87.6298,9.432742629104363
882664cb2bfffff,865,68.6021151663215,5,46.31727167513417,low,41.8781,-87.6298,74.80047363714034
882664cb2dfffff,965,71.8759071115216,2,23.465344177584935,high,41.8781,-87.6298,81.2713619893062
882664cb33fffff,553,75.13045525105417,1,30.319405946104606,medium,41.8781,-87.6298,70.68378557805411
882664cb39fffff,945,77.58829510234561,8,28.997011894360902,low,41.8781,-87.6298,96.72635875263656
882664cb3bfffff,441,71.37128093423267,2,56.328893095381474,medium,41.8781,-87.6298,82.66520574606405
882664cb43fffff,184,75.9338338223854,7,11.995369302388992,low,41.8781,-87.6298,90.30937278765383
882664cb49fffff,244,71.22308533823339,9,91.67916907023351,low,41.8781,-87.6298,93.3571083457648
882664cb4bfffff,450,71.94241098504025,9,72.06551452831133,medium,41.8781,-87.6298,80.13479918738085
882664cb4dfffff,689,67.96669451575889,8,40.14456309131936,medium,41.8781,-87.6298,67.4258842006499
882664cb51fffff,82,70.38383376944547,9,15.862414452637797,low,41.8781,-87.6298,0.5718581360789288
882664cb53fffff,737,68.24157697191833,2,88.19921697216358,medium,41.8781,-87.6298,46.58257532231247
882664cb55fffff,509,70.12063373511333,6,82.37780901011652,high,41.8781,-87.6298,57.1162298622361
882664cb57fffff,932,80.2682089830392,4,72.17215527171793,high,41.8781,-87.6298,30.40302724479996
882664cb59fffff,519,70.25300555584029,4,27.154704741124235,medium,41.8781,-87.6298,31.810444690347207
882664cb5bfffff,424,88.16191032418695,5,40.24466374336689,high,41.8781,-87.6298,96.11594157101652
882664cb5dfffff,71,77.46658950440445,3,10.274825245242337,high,41.8781,-87.6298,89.17108652027459
882664cc01fffff,799,75.92418061847437,1,18.903952472753172,high,41.8781,-87.6298,84.91790055017042
882664cc03fffff,719,70.70821109909393,8,78.30166373167329,low,41.8781,-87.6298,40.60118017061106
882664cc05fffff,87,78.50154939704495,5,71.50387188506838,high,41.8781,-87.6298,1.3698550408914545
882664cc07fffff,279,72.12181086881112,3,59.34857629759347,high,41.8781,-87.6298,8.022224645571407
882664cc09fffff,414,75.6100490732268,7,89.57267259261728,medium,41.8781,-87.6298,31.219636821760368
882664cc0bfffff,612,87.80042269134397,7,58.32665178130454,high,41.8781,-87.6298,1.5742912995676983
882664cc0dfffff,487,74.51970050137675,1,46.69679999636107,low,41.8781,-87.6298,1.7149781915198115
882664cc11fffff,825,80.74636663142837,9,34.03707463057627,low,41.8781,-87.6298,91.6603301642411
882664cc13fffff,332,71.48411787437057,2,94.04485057361725,medium,41.8781,-87.6298,70.61585021190541
882664cc15fffff,76,74.82505754751519,5,8.271546152435349,low,41.8781,-87.6298,30.895599006815267
882664cc17fffff,275,83.85400317817755,5,93.08873720608084,low,41.8781,-87.6298,13.264457760095317
882664cc19fffff,326,71.86516471106117,8,82.67146599310183,high,41.8781,-87.6298,51.163571789507714
882664cc1bfffff,847,84.06224278998465,8,12.992992453570128,high,41.8781,-87.6298,0.5346160854364457
882664cc1dfffff,658,78.53875967727738,7,56.49843576752536,low,41.8781,-87.6298,93.8413743858144
882664cc21fffff,333,72.18766612052866,7,86.65479817490869,medium,41.8781,-87.6298,41.48151193889472
882664cc23fffff,928,78.1620386952776,6,57.18091636071537,medium,41.8781,-87.6298,40.233495523733275
882664cc25fffff,530,79.86277224813365,6,90.71998215606223,high,41.8781,-87.6298,39.059360758178215
882664cc27fffff,502,78.10904981108598,9,94.29838168160425,low,41.8781,-87.6298,6.932833038776476
882664cc29fffff,878,67.14887640054772,6,42.23845221843059,high,41.8781,-87.6298,63.83222397918266
882664cc2bfffff,865,71.36431412087566,2,37.73136614063236,medium,41.8781,-87.6298,73.30036196283534
882664cc2dfffff,708,73.76240682224248,2,93.63211539691568,low,41.8781,-87.6298,67.61253975882903
882664cc31fffff,565,74.62783285449977,5,67.5140061149668,high,41.8781,-87.6298,13.843549332939432
882664cc33fffff,596,78.10336048775339,4,11.602268134816928,high,41.8781,-87.6298,57.884016803559255
882664cc35fffff,241,75.88850500466627,2,4.22917492226812,medium,41.8781,-87.6298,56.948448417225386
882664cc37fffff,98,68.32327820644949,3,56.46290509972631,high,41.8781,-87.6298,86.8410787941382
882664cc39fffff,561,76.90098925502981,7,93.01709654384246,medium,41.8781,-87.6298,37.9127658375647
882664cc3bfffff,66,78.05292872641911,8,84.42487024058184,medium,41.8781,-87.6298,37.148594365943424
882664cc3dfffff,221,77.7989522396552,6,67.58477464643364,low,41.8781,-87.6298,61.85270587181856
882664cc41fffff,269,80.4039036277731,5,13.911584889108752,low,41.8781,-87.6298,63.3072653499513
882664cc43fffff,207,79.16961077274452,1,25.42313837486956,high,41.8781,-87.6298,46.92852273257904
882664cc45fffff,526,77.29590039614219,8,87.55112265526162,medium,41.8781,-87.6298,44.30593623304211
882664cc47fffff,95,74.64917144270676,3,18.280723665690047,medium,41.8781,-87.6298,49.41476706378827
882664cc49fffff,422,66.69519533242004,6,27.843940825043457,low,41.8781,-87.6298,86.10452995033118
882664cc4bfffff,567,77.14809109566293,3,12.960065119544195,low,41.8781,-87.6298,46.116690125391
882664cc4dfffff,148,76.03843843581555,7,67.61082314144112,medium,41.8781,-87.6298,93.99317919698224
882664cc51fffff,941,76.35789418597686,7,94.39823053632097,low,41.8781,-87.6298,50.4003763596326
882664cc53fffff,794,68.61625712089845,9,26.896803159538596,high,41.8781,-87.6298,94.92006931808913
882664cc55fffff,86,69.59471729795868,5,47.54066078500737,medium,41.8781,-87.6298,83.28319018690758
882664cc57fffff,329,80.26576426666452,8,63.43397397112043,low,41.8781,-87.6298,36.243132261582915
882664cc59fffff,398,74.80222423071673,8,99.94662482156306,high,41.8781,-87.6298,86.3641421296616
882664cc5bfffff,546,78.40750348686312,1,10.480806499757211,medium,41.8781,-87.6298,11.006328420111522
882664cc5dfffff,351,75.1415918806523,5,49.85707995057091,high,41.8781,-87.6298,92.50471753430145
882664cc61fffff,230,75.14878069747873,3,38.51201199025,high,41.8781,-87.6298,63.164351508289165
882664cc63fffff,656,79.69141902988,1,86.58201652223552,medium,41.8781,-87.6298,5.439074852231118
882664cc65fffff,148,72.41977635891313,4,47.59677310116559,high,41.8781,-87.6298,64.42567236508116
882664cc67fffff,749,75.48060388470492,8,11.097752458514808,low,41.8781,-87.6298,97.42476541447562
882664cc69fffff,165,72.6886235564748,3,63.44241452865836,low,41.8781,-87.6298,6.9800654614628925
882664cc6bfffff,240,72.82751886283842,2,77.07806182638798,low,41.8781,-87.6298,55.46877097800863
882664cc6dfffff,302,73.4541393826568,9,0.28812516656145926,high,41.8781,-87.6298,74.77943497593725
882664cc81fffff,977,76.11066885816857,5,85.89566854206295,low,41.8781,-87.6298,81.02585866995314
882664cc83fffff,210,72.60625689168262,7,18.60230000056656,high,41.8781,-87.6298,41.38274653207959
882664cc85fffff,305,81.2787806278676,2,55.20693646533778,low,41.8781,-87.6298,20.4166559168243
882664cc87fffff,372,70.52696348890248,9,41.579750068745014,medium,41.8781,-87.6298,4.234227877238384
882664cc89fffff,177,74.0656417791932,9,71.96538166105304,high,41.8781,-87.6298,57.972615709722476
882664cc8bfffff,67,72.80134470862913,4,37.116161478574185,high,41.8781,-87.6298,45.29110702676108
882664cc8dfffff,842,82.23488942176867,4,86.97631766817108,low,41.8781,-87.6298,94.8744395149711
882664cc91fffff,784,75.98277388255788,6,73.04963609587902,medium,41.8781,-87.6298,6.060490771490978
882664cc93fffff,615,80.15922269734317,6,64.77131710629214,low,41.8781,-87.6298,68.53953434460057
882664cc95fffff,619,67.57219813481514,1,79.62405955628543,low,41.8781,-87.6298,2.496622212005717
882664cc97fffff,372,76.33525132934629,9,75.40230349283823,medium,41.8781,-87.6298,17.143417671054273
882664cc99fffff,921,79.44815397811719,2,3.5938674921553337,medium,41.8781,-87.6298,45.357899992283414
882664cc9bfffff,735,75.41141994637712,5,39.47343538448281,low,41.8781,-87.6298,45.48724428028682
882664cc9dfffff,841,80.32740187532676,9,93.08072973164899,medium,41.8781,-87.6298,68.5700542933644
882664cca1fffff,675,72.41355774949814,4,12.572426899222622,low,41.8781,-87.6298,91.02130348677566
882664cca3fffff,337,82.0467372009279,3,73.70965504320512,high,41.8781,-87.6298,63.90321589149208
882664cca5fffff,992,86.49449061809625,7,97.45918113353297,low,41.8781,-87.6298,95.35350978515088
882664cca7fffff,903,73.18580719780171,6,5.219862904497163,high,41.8781,-87.6298,88.16156398779977
882664cca9fffff,712,72.77248739299614,8,68.21938806266104,low,41.8781,-87.6298,58.449979553079025
882664ccabfffff,688,82.2669223855885,3,46.815414130103036,medium,41.8781,-87.6298,83.37919509188274
882664ccadfffff,204,82.89786072865357,5,57.917525537472216,high,41.8781,-87.6298,64.2577610323634
882664ccb1fffff,539,72.38569986423366,4,8.534133648432485,medium,41.8781,-87.6298,7.8557830923727145
882664ccb3fffff,435,72.89906591452072,4,4.3006951866939485,high,41.8781,-87.6298,74.05647232595099
882664ccb5fffff,834,73.59107695569746,4,66.68666605509218,high,41.8781,-87.6298,9.490844126734622
882664ccb7fffff,153,68.27774744482862,8,82.33094298207179,low,41.8781,-87.6298,59.40827805697124
882664ccb9fffff,978,70.40674026757901,6,78.20153349329672,low,41.8781,-87.6298,70.26402058582289
882664ccbbfffff,442,69.97929616623966,3,54.38057278662374,low,41.8781,-87.6298,6.652760821085524
882664ccbdfffff,860,71.16101217447935,5,9.986682113617817,low,41.8781,-87.6298,23.079465392653177
882664ccc1fffff,295,74.8265755630661,6,68.80444438360138,medium,41.8781,-87.6298,91.56722322616498
882664ccc3fffff,225,76.1710736626826,5,24.188888355414594,low,41.8781,-87.6298,61.631449223289636
882664ccc5fffff,88,82.75250246407039,6,91.10687027673836,low,41.8781,-87.6298,24.628601881053157
882664ccc7fffff,526,70.00822979630604,8,83.82653595457049,high,41.8781,-87.6298,69.06797711480066
882664ccc9fffff,731,79.92161199238292,7,70.93829670873909,medium,41.8781,-87.6298,59.67764199616896
882664cccbfffff,808,73.93005577887246,5,94.88459558311304,medium,41.8781,-87.6298,50.15756999179484
882664cccdfffff,587,74.75268145173783,6,3.142182151127293,high,41.8781,-87.6298,97.61869749880837
882664ccd1fffff,916,78.37409746083301,4,73.6200425060762,high,41.8781,-87.6298,68.34537774075089
882664ccd3fffff,867,69.3863898921885,9,33.02427793364053,low,41.8781,-87.6298,37.544110966791266
882664ccd5fffff,970,76.91204873092025,4,90.60658856863652,medium,41.8781,-87.6298,80.0073432076868
882664ccd7fffff,457,75.83226104106528,1,26.66751966619776,low,41.8781,-87.6298,88.45832929211878
882664ccd9fffff,574,77.46225632004075,7,72.48564993150171,high,41.8781,-87.6298,12.522055951683143
882664ccdbfffff,877,76.44584321953909,7,87.76470196507815,low,41.8781,-87.6298,20.055297784526648
882664ccddfffff,555,87.27650069955448,4,4.165681838268243,medium,41.8781,-87.6298,21.62270091277797
882664cce1fffff,952,71.81130007874341,3,39.764757959203614,low,41.8781,-87.6298,69.12118093865404
882664cce3fffff,874,72.34501522499092,8,76.23090320219387,medium,41.8781,-87.6298,60.30395550532833
882664cce5fffff,85,71.88429736787617,5,45.49188895075871,low,41.8781,-87.6298,61.899156469858816
882664cce7fffff,734,72.22261440419872,7,26.72526297935953,low,41.8781,-87.6298,94.0773299689501
882664cce9fffff,69,71.81306436346742,4,21.980534882319002,medium,41.8781,-87.6298,77.5911532807306
882664ccebfffff,370,80.94508265553776,4,13.15182669163779,medium,41.8781,-87.6298,12.793692451178318
882664ccedfffff,825,82.10252123994927,8,85.71295598562823,medium,41.8781,-87.6298,34.7507082425181
882664cd01fffff,561,72.14626853125262,8,57.5355403251556,low,41.8781,-87.6298,43.53936461757356
882664cd03fffff,449,70.83822213447885,2,7.638494499145598,low,41.8781,-87.6298,39.59615887476049
882664cd05fffff,703,77.35707778193202,2,38.25803235706354,low,41.8781,-87.6298,66.93086091618792
882664cd07fffff,932,72.23888477859515,3,36.77336508051099,high,41.8781,-87.6298,89.18931032565625
882664cd09fffff,520,78.16465908877755,3,18.173919070946297,low,41.8781,-87.6298,30.6051463522788
882664cd0bfffff,192,76.01461510425649,1,43.550762547219065,medium,41.8781,-87.6298,55.18771364211857
882664cd0dfffff,141,67.42127942501384,3,33.209936539313645,medium,41.8781,-87.6298,78.94094219135856
882664cd11fffff,403,82.73752600665031,6,34.18037054921825,medium,41.8781,-87.6298,41.621805884534936
882664cd13fffff,883,83.9793883654776,8,73.90265577879586,low,41.8781,-87.6298,16.811812839929587
882664cd15fffff,849,71.93605654757806,6,22.32633855051963,medium,41.8781,-87.6298,47.49509652637482
882664cd17fffff,776,73.06149220032007,5,64.18599588553555,medium,41.8781,-87.6298,5.5222520743028465
882664cd19fffff,903,76.42932695362452,4,57.06496238809349,high,41.8781,-87.6298,94.23834540022769
882664cd1bfffff,100,76.67228394993512,3,56.809251233786725,high,41.8781,-87.6298,7.482120519497304
882664cd1dfffff,714,78.29272136336415,4,66.30073461417759,medium,41.8781,-87.6298,43.84567152505782
882664cd21fffff,747,85.05102269383175,7,54.8382036195654,high,41.8781,-87.6298,52.98812610885262
882664cd23fffff,624,74.11526386252976,1,87.92551148463846,high,41.8781,-87.6298,98.53038322872855
882664cd25fffff,239,71.00851377730773,7,67.55800919502597,medium,41.8781,-87.6298,16.60218236428608
882664cd27fffff,174,68.10340385992737,1,54.696325137138814,low,41.8781,-87.6298,11.443151861235856
882664cd29fffff,199,71.3453498002904,2,82.97631202876448,low,41.8781,-87.6298,0.8706147062543579
882664cd2bfffff,363,74.83436513563102,4,60.61465649334797,medium,41.8781,-87.6298,15.55714368693023
882664cd2dfffff,619,83.97278931758893,1,29.1144247785179,low,41.8781,-87.6298,20.72729790676676
882664cd31fffff,391,72.41194350481915,9,20.70949181765712,high,41.8781,-87.6298,63.05809415830923
882664cd33fffff,354,76.11893975819449,6,15.232778566267879,medium,41.8781,-87.6298,21.97067903914004
882664cd35fffff,741,74.91788551963624,1,89.94552125461016,low,41.8781,-87.6298,2.052081472932521
882664cd37fffff,731,80.94196636724043,1,71.01354317980658,low,41.8781,-87.6298,82.66183455024887
882664cd39fffff,887,87.63466212936811,6,93.73784381643208,high,41.8781,-87.6298,36.55957010039668
882664cd3bfffff,832,72.3456561353984,4,60.3291805714943,medium,41.8781,-87.6298,35.369668658073394
882664cd3dfffff,103,72.5528027874089,4,47.34008814949126,medium,41.8781,-87.6298,30.247902916792658
882664cd41fffff,493,80.22080438534536,6,5.971648897088933,high,41.8781,-87.6298,97.53732771464209
882664cd43fffff,662,78.40945744813156,7,67.16422815460298,medium,41.8781,-87.6298,17.011541730928148
882664cd45fffff,313,84.23353662868017,9,58.220875976823116,medium,41.8781,-87.6298,89.82380639532352
882664cd47fffff,102,77.91964092662982,5,99.02088935876215,high,41.8781,-87.6298,77.68033321398879
882664cd49fffff,621,73.2035395460647,9,23.915877778224303,high,41.8781,-87.6298,7.6479955499313075
882664cd4bfffff,669,77.95327415346155,4,53.073735528683585,low,41.8781,-87.6298,98.67291015008487
882664cd4dfffff,54,80.54351790291454,2,65.09573351180727,medium,41.8781,-87.6298,27.136596353901055
882664cd51fffff,152,79.10241090598682,3,64.45911747423436,high,41.8781,-87.6298,9.858292702241233
882664cd53fffff,245,77.53637015553649,1,56.12935429484027,low,41.8781,-87.6298,82.93142341257594
882664cd55fffff,823,80.33337344794577,6,77.69280103272254,medium,41.8781,-87.6298,70.66755336776998
882664cd57fffff,926,80.84647795222837,6,20.498120952681642,low,41.8781,-87.6298,61.72188058779008
882664cd59fffff,933,81.91079495518764,1,72.56272002744159,high,41.8781,-87.6298,15.598086369893316
882664cd5bfffff,399,78.24354943794822,3,61.97345714330892,medium,41.8781,-87.6298,47.84961162559619
882664cd5dfffff,96,74.16440959841573,5,89.60751117945733,low,41.8781,-87.6298,78.05560268872138
882664cd61fffff,916,75.73356843216662,3,84.71944390335817,high,41.8781,-87.6298,30.362393814384024
882664cd63fffff,872,81.03254483254179,3,31.514703913255325,high,41.8781,-87.6298,31.168982851504147
882664cd65fffff,985,70.91532164506381,3,27.623732497515306,high,41.8781,-87.6298,0.3140906048122116
882664cd67fffff,869,76.8433665443645,5,98.16533238524478,high,41.8781,-87.6298,17.424340164537956
882664cd69fffff,705,73.0333059383632,5,52.726518091525655,high,41.8781,-87.6298,87.54056251218343
882664cd6bfffff,318,75.14372411467409,4,90.64209639144369,high,41.8781,-87.6298,44.17464916377071
882664cd6dfffff,419,81.39225931303649,1,16.38810237804822,high,41.8781,-87.6298,98.4234499234434
882664cd81fffff,685,75.95549534009952,5,64.28189148001742,low,41.8781,-87.6298,39.57079635737926
882664cd83fffff,155,75.23218274078074,5,80.98601873605861,medium,41.8781,-87.6298,71.51864547802413
882664cd85fffff,719,68.2007192951004,4,94.73952495864468,medium,41.8781,-87.6298,28.191904290472912
882664cd87fffff,708,78.7312678301361,6,33.73401410170235,low,41.8781,-87.6298,36.38096411409335
882664cd89fffff,706,78.22742090570537,4,72.49811699240524,high,41.8781,-87.6298,19.072598759089466
882664cd8bfffff,169,85.8162736165273,7,53.8813009039619,medium,41.8781,-87.6298,34.7062368499395
882664cd8dfffff,880,73.461108825235,7,6.06289260664682,high,41.8781,-87.6298,54.72375204206431
882664cd91fffff,836,76.0957516383197,2,68.99997373089434,medium,41.8781,-87.6298,99.17728809792494
882664cd93fffff,653,76.24691841855378,3,69.00965582378434,high,41.8781,-87.6298,66.42017130717856
882664cd95fffff,107,82.88726639881737,1,93.0606804846537,low,41.8781,-87.6298,19.924595440831403
882664cd97fffff,395,74.52352233806523,8,49.73124461689724,high,41.8781,-87.6298,4.496144159155113
882664cd99fffff,790,76.39510762885169,9,23.025092071051468,medium,41.8781,-87.6298,12.63564813145106
882664cd9bfffff,523,78.0394825485827,4,4.456382344867915,high,41.8781,-87.6298,56.255520127304735
882664cd9dfffff,166,75.9330456157818,6,41.56421866859057,medium,41.8781,-87.6298,76.51603288167664
882664cda9fffff,879,72.76783192724736,9,30.191670007750183,high,41.8781,-87.6298,94.0419207300747
882664cdadfffff,840,75.97044996449154,6,76.10883060238756,medium,41.8781,-87.6298,1.5823171996820817
882664cdb1fffff,176,80.36815874929886,9,35.426776484104664,medium,41.8781,-87.6298,52.27601415618698
882664cdb3fffff,442,69.8674235029447,4,94.90711963148439,medium,41.8781,-87.6298,47.086735622317676
882664cdb7fffff,957,75.66484837073438,8,96.23102029877842,high,41.8781,-87.6298,65.6055021975704
882664cdb9fffff,690,71.49939592530413,9,62.090859021770804,medium,41.8781,-87.6298,55.95788544653419
882664cdbbfffff,107,80.97523314462421,4,92.86602870148829,high,41.8781,-87.6298,68.70391505824806
882664cdbdfffff,683,67.38406547608113,5,76.08543445144956,low,41.8781,-87.6298,65.80825847491903
882664cdc1fffff,562,72.20539076364206,8,54.68596409751262,low,41.8781,-87.6298,11.70117248579462
882664cdc3fffff,800,76.8860593753226,6,18.030793542277813,medium,41.8781,-87.6298,79.97179136187196
882664cdc5fffff,851,82.8276201461717,7,45.859794351384,high,41.8781,-87.6298,12.323257571632485
882664cdc7fffff,145,74.67124869463507,3,56.087446336261756,medium,41.8781,-87.6298,69.85306252091371
882664cdc9fffff,687,72.22400236653401,7,86.39615807350101,high,41.8781,-87.6298,41.614536764060674
882664cdcbfffff,167,84.40578534720295,8,48.133337653566485,high,41.8781,-87.6298,51.38507345765979
882664cdcdfffff,609,67.75993049791877,6,89.76746726779567,low,41.8781,-87.6298,90.32980143757105
882664cdd1fffff,650,64.00597021689958,9,67.43489790234689,high,41.8781,-87.6298,88.98837264734865
882664cdd3fffff,537,77.20007225026666,6,13.699906305367138,high,41.8781,-87.6298,81.78563056550296
882664cdd5fffff,286,72.48972887823695,9,99.4981369325093,medium,41.8781,-87.6298,51.014838045632324
882664cdd7fffff,934,69.89383591434644,4,52.723266075391265,medium,41.8781,-87.6298,73.62398101338331
882664cdd9fffff,946,78.54178223649677,8,39.18582964090789,high,41.8781,-87.6298,51.289705551880935
882664cddbfffff,321,76.219003568856,4,65.91137644695266,low,41.8781,-87.6298,86.96060824747775
882664cdddfffff,238,72.17960684631636,2,10.889331398103907,medium,41.8781,-87.6298,40.27758332328999
882664cde1fffff,753,68.59847800664552,9,63.653864675335434,medium,41.8781,-87.6298,97.02353444148768
882664cde3fffff,496,79.36228664140073,5,49.82360004992729,low,41.8781,-87.6298,93.23227582288776
882664cde5fffff,630,78.2510058897933,4,40.667406999858315,medium,41.8781,-87.6298,74.16026194517855
882664cde7fffff,839,74.50412068110309,2,95.30200211788991,high,41.8781,-87.6298,27.9415884176072
882664cde9fffff,910,84.23318498023833,1,52.25397167320532,high,41.8781,-87.6298,13.16535887932584
882664cdebfffff,296,69.64957616836924,7,21.91174794699384,high,41.8781,-87.6298,85.47034500931974
882664cdedfffff,125,67.37237414537631,6,45.896347937729864,medium,41.8781,-87.6298,16.530228613796126
882664ce21fffff,203,71.54045965059377,2,91.93874045726727,medium,41.8781,-87.6298,85.42607889973357
882664ce23fffff,705,74.77206991822251,8,17.609547133059465,medium,41.8781,-87.6298,49.07650067123605
882664ce25fffff,484,76.21669724661346,4,21.39570386882369,medium,41.8781,-87.6298,40.65567838081042
882664ce27fffff,135,73.79381971071835,8,1.3029567757083749,high,41.8781,-87.6298,90.31907788344292
882664ce2dfffff,746,76.76027698257148,7,1.419004939576718,low,41.8781,-87.6298,60.38509825402779
882664ce35fffff,334,68.74230287904778,5,82.93916269585125,high,41.8781,-87.6298,57.661400712971776
882664ce37fffff,269,82.2188230203663,8,73.21226068429559,medium,41.8781,-87.6298,55.87659446243977
882664cea1fffff,118,74.58924410803715,9,35.50410564519583,high,41.8781,-87.6298,37.11695160195314
882664cea3fffff,96,80.58647915794064,5,69.83111572275727,low,41.8781,-87.6298,78.56431035291273
882664cea5fffff,143,76.71362673188852,5,39.52059263099702,high,41.8781,-87.6298,25.2798444015773
882664cea7fffff,799,77.28376609576893,2,95.28967959978274,low,41.8781,-87.6298,93.88949600412751
882664ceb1fffff,502,77.84883640116102,5,96.70526814260349,medium,41.8781,-87.6298,89.39852050469608
882664ceb3fffff,253,77.23854280008658,3,39.27937758093434,high,41.8781,-87.6298,33.748032567489815
882664ceb5fffff,961,78.21361379933772,7,85.4221906340868,high,41.8781,-87.6298,72.94637698316637
882664ceb7fffff,267,81.64576265066216,5,77.30890416974661,high,41.8781,-87.6298,57.32231944495915
882664cf01fffff,523,75.98260584850735,8,30.99999371717893,high,41.8781,-87.6298,33.76493019992346
882664cf03fffff,481,78.54501878794257,1,23.2039828901106,medium,41.8781,-87.6298,98.85216479954467
882664cf05fffff,390,74.55132152856386,3,45.823465039283384,low,41.8781,-87.6298,2.5237345848264203
882664cf07fffff,600,82.20058607724737,3,78.13488406144063,low,41.8781,-87.6298,25.264603062128664
882664cf09fffff,661,71.61803848970365,9,96.01677847287455,high,41.8781,-87.6298,52.00740611111504
882664cf0bfffff,338,84.00470216455408,5,76.35790688665726,medium,41.8781,-87.6298,52.19530034785639
882664cf0dfffff,303,74.79921024677829,9,85.520698501837,low,41.8781,-87.6298,58.89330749455641
882664cf11fffff,783,67.84612448940976,9,60.30643061705165,low,41.8781,-87.6298,75.16761720229192
882664cf13fffff,406,75.64052207455394,1,83.54078308421259,low,41.8781,-87.6298,62.34778305192964
882664cf15fffff,72,71.59474171262559,2,78.44208580034177,low,41.8781,-87.6298,60.0281460528037
882664cf17fffff,811,79.20321774494361,5,37.69855419262801,low,41.8781,-87.6298,5.351446291304329
882664cf19fffff,571,71.73688010348805,4,55.19903021207211,low,41.8781,-87.6298,37.65302877892983
882664cf1bfffff,807,72.7690828339261,9,80.47531219896949,medium,41.8781,-87.6298,23.2055739701156
882664cf1dfffff,886,65.55229634527234,7,4.605673418995638,high,41.8781,-87.6298,26.537011160197544
882664cf21fffff,149,72.73846840375461,6,80.80792823558299,low,41.8781,-87.6298,55.43374743403449
882664cf23fffff,851,62.88060336685522,7,17.788812404902345,medium,41.8781,-87.6298,19.95053149296084
882664cf25fffff,229,67.08048588257138,1,51.468361712143896,medium,41.8781,-87.6298,29.394910101689753
882664cf27fffff,272,78.80207328072149,1,80.82754395559377,high,41.8781,-87.6298,23.70847085173401
882664cf29fffff,955,78.92900079325416,8,25.382107815669485,high,41.8781,-87.6298,94.85029432181948
882664cf2bfffff,811,77.12728780892482,2,24.580743930615302,low,41.8781,-87.6298,94.46657321710951
882664cf2dfffff,708,70.16511928435393,9,40.27643984622519,high,41.8781,-87.6298,60.99415585960517
882664cf31fffff,491,74.7614432192901,7,89.46427975776345,high,41.8781,-87.6298,92.45224687318999
882664cf33fffff,657,74.98198730454716,6,0.04427814372078842,medium,41.8781,-87.6298,78.58126454683732
882664cf35fffff,818,69.20817655403728,1,90.1383096641935,medium,41.8781,-87.6298,58.99478828018088
882664cf37fffff,374,82.51699150883576,1,15.380702464160779,medium,41.8781,-87.6298,0.6435211496795712
882664cf39fffff,565,79.38681145287836,2,99.00863760674821,low,41.8781,-87.6298,77.2516286079404
882664cf3bfffff,65,73.89517913085169,6,95.48469930384681,low,41.8781,-87.6298,70.24883415884689
882664cf3dfffff,841,75.13442919497265,6,49.467518959128334,high,41.8781,-87.6298,61.5253653282414
882664cf41fffff,385,76.04191403973776,2,51.272024781262814,high,41.8781,-87.6298,76.04243116824718
882664cf43fffff,808,64.79132565787855,1,48.154934027585426,low,41.8781,-87.6298,51.29221647747657
882664cf45fffff,307,73.76411308739702,5,63.54436456595226,low,41.8781,-87.6298,70.4083271321339
882664cf47fffff,546,71.59007876001101,5,9.072170223493103,medium,41.8781,-87.6298,93.51720867264933
882664cf49fffff,945,69.99189995052542,2,3.2617948341566505,low,41.8781,-87.6298,37.580501584608626
882664cf4bfffff,209,73.59449853557022,6,5.770292841589885,low,41.8781,-87.6298,70.81218349006254
882664cf4dfffff,524,83.98843263424762,9,44.43653492415144,high,41.8781,-87.6298,47.568781801095874
882664cf51fffff,901,78.20421430633505,2,27.554793921948338,high,41.8781,-87.6298,67.43996518139815
882664cf53fffff,713,72.14410505108602,2,62.203956237099376,medium,41.8781,-87.6298,76.28933355543641
882664cf55fffff,957,77.86291390678079,3,99.2442289374779,low,41.8781,-87.6298,4.545250043579596
882664cf57fffff,739,81.99677718293,7,38.63231730764659,high,41.8781,-87.6298,64.66004439486619
882664cf59fffff,724,79.62316841456385,6,57.38412541045134,low,41.8781,-87.6298,22.674118440694457
882664cf5bfffff,429,75.29815184960087,8,41.56038959073355,low,41.8781,-87.6298,67.00325378075668
882664cf5dfffff,594,71.76531611147213,8,84.72716677218594,medium,41.8781,-87.6298,46.83301859338135
882664cf61fffff,978,78.49111656806795,6,90.22364034622382,low,41.8781,-87.6298,77.35527418648871
882664cf63fffff,740,76.96742692710875,3,87.73556122052601,medium,41.8781,-87.6298,12.340081520559643
882664cf65fffff,476,79.47596610013866,3,97.43722386792577,high,41.8781,-87.6298,62.63223516561951
882664cf67fffff,662,78.17585900840984,1,2.751918514041529,high,41.8781,-87.6298,27.847072892755232
882664cf69fffff,317,80.24776357659667,7,83.9816162145531,high,41.8781,-87.6298,85.29819953305915
882664cf6bfffff,884,72.32382394219717,5,75.17721730390933,high,41.8781,-87.6298,92.83835056363074
882664cf6dfffff,626,81.58697032817163,4,22.86944094003648,medium,41.8781,-87.6298,99.63982936790555
882664d813fffff,466,75.987998023462,4,95.63200933875275,medium,41.8781,-87.6298,79.60074024272834
882664d817fffff,217,85.37630436312632,4,14.817792822994546,high,41.8781,-87.6298,75.37340704280045
882664d81bfffff,891,71.55406090955216,6,67.95499271339084,high,41.8781,-87.6298,21.550075886755103
882664d833fffff,92,83.67981901582624,8,22.489021681591247,high,41.8781,-87.6298,33.600705899010876
882664d83bfffff,605,75.98955391731324,8,43.138064877407466,medium,41.8781,-87.6298,46.56825417622795
882664d881fffff,334,71.74290998192775,5,71.9159896944569,high,41.8781,-87.6298,77.33810477822497
882664d883fffff,446,72.58057082972839,6,56.33246420330467,medium,41.8781,-87.6298,91.49658650779686
882664d885fffff,61,73.3982634590284,4,42.75018313281117,low,41.8781,-87.6298,18.91391000229846
882664d887fffff,656,77.12082973200958,9,32.63384309319872,high,41.8781,-87.6298,92.23674846701029
882664d889fffff,351,77.6141774401775,8,83.96596557087904,medium,41.8781,-87.6298,69.5624652354058
882664d88bfffff,947,72.13149998030711,1,14.38143503148137,medium,41.8781,-87.6298,61.077073068503864
882664d88dfffff,302,74.87822703869509,2,43.010287652980004,medium,41.8781,-87.6298,19.98412712819395
882664d891fffff,548,85.71135179305932,9,90.37575717751422,low,41.8781,-87.6298,5.552503280915055
882664d893fffff,803,83.63771585050355,8,84.58495504599676,high,41.8781,-87.6298,56.84648985079399
882664d895fffff,84,77.18161834837016,3,40.09417624730467,medium,41.8781,-87.6298,65.15156833288924
882664d897fffff,776,75.190017390841,8,76.31083636013084,high,41.8781,-87.6298,21.078144935468824
882664d89dfffff,898,75.60015663359131,1,82.31608307088592,medium,41.8781,-87.6298,55.64562058254564
882664d8a1fffff,139,78.06758986365209,4,88.88874240036297,high,41.8781,-87.6298,85.64934027625736
882664d8a3fffff,825,69.88603717400797,3,54.4505769049228,low,41.8781,-87.6298,83.506594545502
882664d8a5fffff,654,73.71311731288327,6,20.44608860547118,medium,41.8781,-87.6298,92.73551805862972
882664d8a7fffff,971,66.65707963061206,7,25.530907650393164,medium,41.8781,-87.6298,36.588580955688045
882664d8a9fffff,651,76.99611561302639,4,29.56946740416042,low,41.8781,-87.6298,31.80495725509187
882664d8abfffff,467,78.2359796985137,7,59.38024808096155,high,41.8781,-87.6298,74.94260059808087
882664d8adfffff,164,72.58406768850313,9,3.280962412860844,medium,41.8781,-87.6298,43.1112405097005
882664d8b1fffff,666,82.86993381645016,2,63.60424687799683,low,41.8781,-87.6298,8.754866402778061
882664d8b3fffff,952,68.8711716849883,3,36.4354238428232,medium,41.8781,-87.6298,28.28011306704997
882664d8b5fffff,245,67.6781255989509,5,29.524180248964214,medium,41.8781,-87.6298,41.85822855314891
882664d8b7fffff,875,76.12225909279987,3,87.94965707281264,medium,41.8781,-87.6298,29.251642547625202
882664d8b9fffff,550,80.23549151306077,8,46.00023955807989,high,41.8781,-87.6298,33.220557094732165
882664d8bbfffff,675,83.41963845728934,8,9.505304553269278,low,41.8781,-87.6298,29.377590617439076
882664d8bdfffff,542,72.7055786856553,8,82.6746768026247,low,41.8781,-87.6298,4.149916718307944
882664d8c1fffff,124,80.39340416715648,9,4.76412574365066,low,41.8781,-87.6298,63.709470082444255
882664d8c3fffff,462,74.80745765249647,4,72.67492241681967,low,41.8781,-87.6298,59.72924203534693
882664d8c5fffff,425,74.1368635002959,5,77.39062217706652,medium,41.8781,-87.6298,65.33834984786806
882664d8c7fffff,469,79.41829968743336,5,35.260260592885814,high,41.8781,-87.6298,19.230989603362747
882664d8cdfffff,778,78.2616143920671,8,82.47878562777868,low,41.8781,-87.6298,29.565454161248528
882664d8e1fffff,326,67.11803921507875,7,51.56594058564534,high,41.8781,-87.6298,61.96159269449223
882664d8e3fffff,810,82.38270174862947,9,46.32936532727968,low,41.8781,-87.6298,59.96275684599214
882664d8e5fffff,725,81.90045677073726,8,4.540328146869255,low,41.8781,-87.6298,50.63303093542678
882664d8e7fffff,443,71.87218649245236,2,29.002919364890587,medium,41.8781,-87.6298,35.04132500101974
882664d8e9fffff,918,76.97901766718705,4,93.10099708852998,medium,41.8781,-87.6298,91.293100477469
882664d8ebfffff,506,77.4701509314137,6,39.18239632835,medium,41.8781,-87.6298,33.97702422988438
882664d8edfffff,969,76.30336882911953,2,54.670052055676834,high,41.8781,-87.6298,45.56191564372516
882664d981fffff,241,72.2484742307729,7,53.20216789842518,medium,41.8781,-87.6298,67.81138309542088
882664d983fffff,788,71.64188316030975,3,59.04310898226933,medium,41.8781,-87.6298,54.302143086676416
882664d985fffff,738,74.87222964504278,3,6.133095564328261,low,41.8781,-87.6298,34.68859763643856
882664d987fffff,148,80.86364509629682,2,36.21762547987283,low,41.8781,-87.6298,43.564479045650984
882664d98bfffff,597,77.71800077297216,8,72.31282738825541,medium,41.8781,-87.6298,79.44808178535061
882664d98dfffff,145,73.14692833956947,6,20.056025107298293,medium,41.8781,-87.6298,27.812915548661245
882664d991fffff,713,78.85849355324173,1,20.357837754636044,high,41.8781,-87.6298,14.225523977681542
882664d993fffff,712,60.75728689684962,1,1.0090606689024728,high,41.8781,-87.6298,31.31632018297771
882664d995fffff,239,80.74382850186052,7,43.748192660820976,low,41.8781,-87.6298,84.95342154879013
882664d997fffff,785,66.3014311061095,8,88.2734380673422,high,41.8781,-87.6298,8.898971485634666
882664d999fffff,86,73.18779529298433,5,5.190094358730901,medium,41.8781,-87.6298,99.16960733724518
882664d99bfffff,829,69.40165052686928,5,19.111870949600263,medium,41.8781,-87.6298,54.10028989276625
882664d99dfffff,418,68.52659262139547,4,31.008453834275507,low,41.8781,-87.6298,98.4845743967094
882664d9a1fffff,744,80.8041339368926,6,73.17247365642129,medium,41.8781,-87.6298,93.89964220859775
882664d9a3fffff,574,72.66149399344054,6,64.06355928025866,medium,41.8781,-87.6298,45.28137142109168
882664d9a5fffff,328,76.73251940865357,3,41.5943904581855,medium,41.8781,-87.6298,19.84910746053491
882664d9a7fffff,266,74.76539710560408,9,75.90689392583757,medium,41.8781,-87.6298,16.488477656513844
882664d9a9fffff,916,77.3852041361156,7,60.96310116569019,high,41.8781,-87.6298,23.99893638699575
882664d9abfffff,922,75.38410945530127,1,89.60407996572191,high,41.8781,-87.6298,71.01326405645374
882664d9adfffff,847,68.58503887905715,7,81.8026749138693,high,41.8781,-87.6298,27.294999473148785
882664d9b1fffff,322,79.9813340972357,5,25.281360608920057,high,41.8781,-87.6298,34.142526960429834
882664d9b3fffff,930,72.53121708419344,5,27.14385776342002,high,41.8781,-87.6298,44.877880399461475
882664d9b5fffff,111,67.21709050670124,2,12.535647579238562,low,41.8781,-87.6298,91.32326804214563
882664d9b7fffff,645,72.85942419517043,4,33.69647257174565,medium,41.8781,-87.6298,18.939341788484608
882664d9b9fffff,929,82.50379895317155,6,99.95439187190944,low,41.8781,-87.6298,0.5026552609803114
882664d9bbfffff,778,79.25110871056746,7,40.5751168615061,medium,41.8781,-87.6298,6.0096410378170155
882664d9bdfffff,391,73.2567393279607,5,22.04884346891064,medium,41.8781,-87.6298,90.4766341680118
882664d9d1fffff,446,73.25371147840785,9,76.2482884475553,medium,41.8781,-87.6298,64.7516464843363
882664d9d3fffff,748,73.39182474391309,3,54.24710034626561,low,41.8781,-87.6298,27.304061932780677
882664d9d5fffff,68,85.3837399178042,1,14.960144952695254,medium,41.8781,-87.6298,17.719250101119112
882664d9d7fffff,226,76.90967726115777,4,38.06896811608658,medium,41.8781,-87.6298,29.426673663711433
882664d9dbfffff,661,77.15020823595535,9,41.44697155393433,high,41.8781,-87.6298,11.479692725128011
882664d9e1fffff,445,80.15141727015921,4,75.38297005692186,high,41.8781,-87.6298,94.1532910284441
882664d9e3fffff,494,76.19394579513256,2,2.0671368891904462,medium,41.8781,-87.6298,78.42061743652668
882664d9e5fffff,282,73.70478927089648,5,26.901964679831046,high,41.8781,-87.6298,46.23911769125407
882664d9e7fffff,964,74.0182507545751,3,51.7596301315522,low,41.8781,-87.6298,86.49626051152019
882664d9edfffff,125,74.64199370292968,9,26.884674245284334,medium,41.8781,-87.6298,24.945820429323227
8827593403fffff,314,74.81388881745079,4,62.84340474189989,low,41.8781,-87.6298,71.71205684721936
8827593407fffff,504,78.6381477181849,6,48.18674792746166,high,41.8781,-87.6298,85.61324990137435
882759340bfffff,845,75.2597294290365,2,36.17102548595806,high,41.8781,-87.6298,35.67687116232726
8827593411fffff,767,78.66320038607789,6,94.92086268705123,low,41.8781,-87.6298,75.74644454507177
8827593413fffff,784,74.59641709945708,3,63.21594991864574,medium,41.8781,-87.6298,29.507234926430936
8827593415fffff,433,75.39317595158045,9,12.994137226794123,high,41.8781,-87.6298,29.88571352590308
8827593417fffff,613,65.00899657733946,2,56.00916974433955,high,41.8781,-87.6298,10.705717855418605
8827593419fffff,900,79.5816383735124,9,78.0731853200901,high,41.8781,-87.6298,44.00580465093987
882759341bfffff,555,76.73244237948997,5,70.84896974927973,low,41.8781,-87.6298,72.97119064974223
882759341dfffff,416,79.99005054929826,8,17.20892292952594,low,41.8781,-87.6298,94.02208055712849
8827593423fffff,193,60.518723109031555,2,97.24199990401033,high,41.8781,-87.6298,60.379699192909605
882759342bfffff,934,85.44187352390364,6,44.8813645746606,medium,41.8781,-87.6298,86.3135537735739
8827593431fffff,118,74.30205185922414,3,15.902500374026129,low,41.8781,-87.6298,82.24946492902271
8827593433fffff,148,80.54091408368758,5,18.019575412814792,medium,41.8781,-87.6298,17.334305297528086
8827593435fffff,445,69.80047036437234,8,9.823499218908049,low,41.8781,-87.6298,48.58174289126315
8827593437fffff,74,78.06386952531285,1,80.35181084349344,low,41.8781,-87.6298,11.692353552539148
8827593439fffff,997,69.73292218413172,5,12.203049432184866,medium,41.8781,-87.6298,68.2153161561635
882759343bfffff,940,71.88115519652098,3,12.512525714174693,medium,41.8781,-87.6298,94.98996682460759
882759343dfffff,518,84.57015676933393,4,85.04716147608377,medium,41.8781,-87.6298,13.70894580787565
882759348dfffff,533,74.04658799618326,2,34.46040844475596,low,41.8781,-87.6298,73.38831308025414
8827593499fffff,614,76.08716436589862,9,3.085790430807245,medium,41.8781,-87.6298,63.2238150867861
88275934a9fffff,200,79.35033865344377,3,5.189529951841088,medium,41.8781,-87.6298,58.36050370080997
88275934adfffff,193,77.47840943986303,2,14.217044670389555,medium,41.8781,-87.6298,39.012023468833924
88275934c1fffff,618,75.75209452571788,9,21.339334797568952,medium,41.8781,-87.6298,35.513164775381256
88275934c5fffff,88,76.82480501233113,7,66.51461942384054,medium,41.8781,-87.6298,4.524918901888785
88275934cbfffff,158,87.01707792619138,6,15.732628000182824,medium,41.8781,-87.6298,21.790870825201345
88275934d1fffff,742,74.71190601483207,1,11.8874391177072,medium,41.8781,-87.6298,1.5176882286826898
88275934d3fffff,91,76.00549523357483,5,76.47191414762791,low,41.8781,-87.6298,58.14171055820205
88275934d9fffff,235,80.25327198003806,3,67.10552838599145,medium,41.8781,-87.6298,10.585323587790885
88275934dbfffff,984,80.52762966478991,1,43.53242214552362,low,41.8781,-87.6298,87.30193940297161
88275934ddfffff,447,80.9351515278019,4,54.9309771480104,high,41.8781,-87.6298,52.314302069716526
88275934e1fffff,272,78.19365111014592,2,31.198402032641848,high,41.8781,-87.6298,69.96899090587084
88275934e3fffff,683,69.28497543634758,2,48.25004202353607,low,41.8781,-87.6298,41.08570918404965
88275934e5fffff,182,83.16715766150548,3,50.66726489827458,medium,41.8781,-87.6298,56.057980900104866
88275934e7fffff,212,69.26827303490656,8,38.723727117809595,low,41.8781,-87.6298,94.26591769666305
88275934e9fffff,264,76.51317732619516,8,90.65722106721627,high,41.8781,-87.6298,8.273403962367077
88275934ebfffff,782,71.22862074990321,7,1.6061864981006146,low,41.8781,-87.6298,25.393777192369615
88275934edfffff,284,74.67930826703504,6,78.21712630912462,high,41.8781,-87.6298,77.99883269105443
88275935cbfffff,892,76.6438120515174,9,12.438283124132433,low,41.8781,-87.6298,9.873720688266586
88275935d1fffff,707,76.60678607725137,4,79.75473605371994,low,41.8781,-87.6298,7.566110390411085
88275935d3fffff,800,77.10960377117642,1,61.59119156767212,low,41.8781,-87.6298,36.15413987540386
88275935d7fffff,637,83.06855634529323,8,84.32780909364024,low,41.8781,-87.6298,9.216795847243231
88275935d9fffff,58,77.2676715075699,7,9.751432564089747,low,41.8781,-87.6298,58.507844220620306
88275935dbfffff,123,73.77921682354676,7,55.898063409977404,high,41.8781,-87.6298,22.627525081659982
88275935ddfffff,541,79.82043584144179,3,50.108788026219706,low,41.8781,-87.6298,89.56979631993724
882759368bfffff,962,80.9473524446232,4,70.61931829633586,low,41.8781,-87.6298,78.35000808452567
8827593691fffff,302,68.86196092431504,9,53.42905518936758,low,41.8781,-87.6298,69.97052060994761
8827593693fffff,279,77.98700034924929,6,54.07345671331042,medium,41.8781,-87.6298,61.694402738450194
8827593695fffff,568,78.5058637115545,5,42.95959435760647,high,41.8781,-87.6298,86.34657303414633
8827593697fffff,223,73.51218248320004,3,30.883442400734083,low,41.8781,-87.6298,22.30620615427569
8827593699fffff,702,81.8785340665581,9,48.226436125219216,high,41.8781,-87.6298,87.31088427642277
882759369bfffff,217,74.24972206483737,5,11.849235876840059,low,41.8781,-87.6298,78.94922984240523
882759369dfffff,219,75.6278822673577,5,96.15133389830848,medium,41.8781,-87.6298,74.81608263876855
88275936b1fffff,442,74.13464087858065,4,71.44107636265983,high,41.8781,-87.6298,56.1255678074924
88275936b5fffff,995,75.07789523790734,4,95.24671166878468,medium,41.8781,-87.6298,24.62441609706001
88275936b7fffff,844,69.518624565524,1,22.672738232996327,medium,41.8781,-87.6298,42.35479159918963
88275936b9fffff,683,67.79974558702853,7,87.9341020176528,low,41.8781,-87.6298,79.35706545388015
88275936bdfffff,243,82.97252531612486,9,80.87899845635384,high,41.8781,-87.6298,3.1778484357324444
88275936c3fffff,566,70.76519325840836,3,67.71524124576736,high,41.8781,-87.6298,78.20507692637582
88275936cbfffff,78,70.04303825271846,2,62.502918608520574,high,41.8781,-87.6298,24.00707404875665
88275936d3fffff,214,64.23304943198143,3,31.654966526787,high,41.8781,-87.6298,14.430920072160303
88275936d5fffff,471,71.8051912615525,1,81.64107849650307,low,41.8781,-87.6298,11.570131818030216
88275936d7fffff,388,68.3845510329625,6,50.15154614797338,low,41.8781,-87.6298,2.725001195081511
88275936ddfffff,697,83.21007580068185,7,7.089157589128536,medium,41.8781,-87.6298,52.35864852214529
